index,title,url,press,date,keyword,content,Scraped_date
0,"""삼성SDS, 내년 클라우드 성장 원년될 것""-대신",https://www.hankyung.com/article/2023121451516,한국경제,5시간 전,삼성 SDS 투자,"대신증권은 삼성에스디에스(삼성SDS)에 대해 내년 클라우드 성장의 원년이 될 것이라며 투자의견 '매수', 목표주가 21만원을 제시했다. 이지은 대신증권 연구원은 14일 ""삼성SDS는 내년 1분기 생성형 인공지능(AI) 서비스인 브리티 코파일럿 일부와 패브릭스를 출시할 예정""이라며 ""생성형 AI 서비스들이...",2023-12-14
1,"삼성SDS, AI 앞세워 다시 쓰는 연고점",https://view.asiae.co.kr/article/2023121116265159105,아시아경제,1일 전,삼성 SDS 투자,13일 금융투자업계에 따르면 삼성SDS 주가는 올해 들어 38.7%가량 올랐다. 같은 기간 코스피는 13.4% 상승했다. 2021년 9월 이후 2년3개월 만에 17만원선을 회복했다. 11일 장중 한때 17만3300원을 기록하면서 연중 최고치를 경신했다. 기관 자가 최근 1개월 동안 1095억원 순매수를 기록하며 주가 상승을...,2023-12-14
2,"국내 기업들, 정보보호에 1.8조 투자…삼성전자·KT·쿠팡 순",http://news.tf.co.kr/read/economy/2060759.htm,더팩트언론사 선정,4일 전,삼성 SDS 투자,"IT분야 제조업인 삼성전자는 올해 정보보호 관련 투자만 2435억 원을 집행했으며, 904.2명이 정보보호에 전담하면서 전담인력이 가장 많은 기업에도 이름을 올렸다. 이 외에도 KT(1035억 원), 쿠팡(639억 원), SK하이닉스(590억 원), SK텔레콤(550억 원), 국민은행(542억 원), (530억 원), LG전자(457억 원)...",2023-12-14
3,"NH證 ""삼성SDS, 내년 초 생성형 AI 출시 기대…목표가↑""",http://www.newsis.com/view/?id=NISX20231207_0002549094&cID=10403&pID=15000,뉴시스,7일 전,삼성 SDS 투자,"NH투자증권은 7일 삼성SDS에 대해 ""정보기술(IT) 투자 축소, 물동량과 운임 약세 등 어려운 업황에도 클라우드 고성장을 통한 외형 성장과 수익성 개선, 디지털 포워딩 서비스 적용 확대로 대응하고 있다""며 ""내년 초 기업형 생성형 인공지능(AI) 서비스 출시 등 IT서비스, 물류사업 고도화가 기대된다""고...",2023-12-14
4,"[특징주]컴퍼니케이, 삼성 협업 ‘솔라’ 美 ‘오픈AI’ 꺾고 전세계 시장 1위 넘본다…초기투자社 강세",https://www.dnews.co.kr/uhtml/view.jsp?idxno=202312141322132440776,대한경제,10분 전,삼성 SDS 투자,"업스테이지는 AI시스템을 삼성생명 및 삼성SDS에 공급하는 업체로, 세계 최대 AI 플랫폼 허깅페이스가 운영하는 ‘오픈 LLM 리더보드’에서 세계 1위를 차지한 사전학습 LLM 'SOLAR(솔라)'를 공개했다고 14일 밝혔다. 이에 업계에서는 ‘솔라’의 전 세계 시장 점유율 1위를 관망하고 있는데, 초기 를...",2023-12-14
5,"SK證 ""삼성SDS, IT서비스 매출 증가 전망…목표가 ↑""",https://www.sedaily.com/NewsView/29YF47UUGY,서울경제,7일 전,삼성 SDS 투자,"전날 삼성SDS는 1.21% 내린 16만 3800원에 거래를 마쳤다. 삼성SDS의 올해 4분기 매출과 영업이익은 각각 3조 5159억 원, 2026억 원으로 시장 컨센서스에... IT 투자가 점진적으로 늘어날 것으로 보이는 점도 긍정적”이라고 분석했다. 내년 1분기에는 생성형 인공지능(AI) 서비스 출시가 예상돼 IT 서비스...",2023-12-14
6,"삼성SDS, 클라우드 고성장·생성형 AI 출시…실적 모멘텀 강화",https://www.etoday.co.kr/news/view/2309508,이투데이,7일 전,삼성 SDS 투자,"김동양 NH투자증권 연구원은 “삼성SDS는 IT 투자 축소, 물동량 및 운임 약세 등 어려운 업황에도 클라우드 고성장 통한 외형 성장과 수익성 개선, 디지털 포워딩 서비스 적용 확대로 대응했다”며 “2024년 초 기업형 생성형 AI 서비스 출시 등 IT서비스 및 물류사업 고도화 기대된다”고 밝혔다....",2023-12-14
7,"국내 기업, 정보보호 투자액 늘렸다",https://www.incheonilbo.com/news/articleView.html?idxno=1224958,인천일보,2일 전,삼성 SDS 투자,"정보보호 투자액 상위 10대 기업은 삼성전자, KT, 쿠팡, SK하이닉스, SK텔레콤, 국민은행, 삼성SDS, LG전자, LG유플러스, 네이버 순이다. 업종별 1위 기업은 제조업의 경우 삼성전자(2435억원·904.2명), 정보통신업은 KT(1035억원·303.8명), 도매 및 소매업은 쿠팡(639억원·167.7명) 등이다. 또 금융·보험업은...",2023-12-14
8,"[더벨]박경정 전 삼성SDS CFO, H&S하이텍 이사회 합류",https://www.thebell.co.kr/free/content/ArticleView.asp?key=202312081543592880105090,더벨,1일 전,삼성 SDS 투자,"박경정 전 삼성SDS 부사장이 코넥스 상장사인 H&S하이텍 이사회에 합류한다. 박 부사장은 사외이사로서 경영진 견제와 함께 회사에 필요한 재무·회계... 이처럼 준수한 실적과 수익성, 투자자들의 높은 관심도에 비해 이사회 구성은 아쉽다는 평가를 받는다. 일단 현재 사내이사가 3명, 사외이사 2명으로...",2023-12-14
9,"황성우 삼성SDS 사장, 연임성공했지만…'클라우드·AI 경쟁' 산 넘어 산[어바웃 C]",https://www.bloter.net/news/articleView.html?idxno=608852,블로터언론사 선정,2주 전,삼성 SDS 투자,"하지만 오랫동안 삼성SDS에 투자한 주주들을 만족시킬 수준이 아니라는 것은 황 사장도 잘 알고 있다. 한편, 삼성SDS는 이날 부사장 2명, 상무 7명 등 총 9명 규모의 2024년 정기 임원 인사를 단행했다. 김대우 솔루션사업부 솔루션개발실장(상무)과 오영석 통합보안센터장(상무)이 부사장으로 승진했으며...",2023-12-14
10,"SK증권 ""삼성SDS, 내년 기업가치 증가 예상…목표주가 23.5% 상향""",https://www.news1.kr/articles/5253971,뉴스1,7일 전,삼성 SDS 투자,"투자의견은 매수를 유지했다. 최관순 SK증권 연구원은 7일 보고서를 통해 ""삼성SDS는 올해 체질개선을 통한 장기 성장 동력을 확보했다""며 이같이 밝혔다. 최 연구원은 ""삼성SDS는 지난 11월28일 동탄 데이터센터를 활용한 4608억원 규모의 HPC 클라우드 서비스 계약을 체결했는데 고객사의 IT 가...",2023-12-14
11,'삼성SDS타워 8500억'…서울 상업용 부동산 거래 15개월 만에 최대,http://www.newsis.com/view/?id=NISX20231201_0002542489&cID=10401&pID=10400,뉴시스언론사 선정,1주 전,삼성 SDS 투자,"올해 상업용 부동산 ‘최대어’로 꼽힌 서울 송파구 신천동 소재 '삼성SDS타워'가 8500억원에 거래된 효과다. 1일 상업용 부동산 종합 서비스 기업... 류강민 알스퀘어 리서치센터장은 ""높은 금리 탓에 투자하기 쉽지 않은 환경이지만, 안정적인 임대시장 덕분에 거래 규모가 감소한 가운데에서도...",2023-12-14
12,"SK증권 ""삼성SDS 내년 실적 우상향""...목표가 상향",http://www.fnnews.com/news/202312070854500323,파이낸셜뉴스,7일 전,삼성 SDS 투자,"최 연구원은 ""삼성에스디에스는 지난 11월 28일 동탄 데이터 센터를 활용한 4608억원 규모의 HPC 클라우드 서비스 계약을 체결했는데 고객사의 IT 투자가 점진적으로 증가할 것으로 예상되는 점이 긍정적""이라며 ""또 2024년 1·4분기 생성형 AI 서비스 출시가 예상됨에 따라 내년 IT 서비스 부문 매출은...",2023-12-14
13,[Who Is ?] 최윤호 삼성SDI 대표이사 사장,https://www.businesspost.co.kr/BP?command=article_view&num=335267,비즈니스포스트,1주 전,삼성 SDS 투자,◆ 생애 최윤호는 삼성SDI 대표이사 사장이다. 삼성전자 미래전략실 출신의 재무 전문가로 삼성SDI 배터리사업의 대규모 투자를 추진하면서 '수익성... 같은 날 삼성SDS도 이사회를 통해 선임사회이사제도를 도입하기로 결정했다. 선임사외이사제도는 대표이사 또는 사내이사가 이사회 의장을 맡을...,2023-12-14
14,"다올證 ""삼성SDS, 성장 가시성 높아져…적정주가 19% 상향""",https://www.news1.kr/articles/5246845,뉴스1,2주 전,삼성 SDS 투자,"다올투자증권이 삼성SDS(018260)의 성장 가시성이 높아졌다며 적정주가를 21만원에서 25만원으로 19.04% 상향했다. 투자의견도 '매수'로 유지했다. 김하정 다올투자증권 연구원은 삼성SDS에 대해 ""그룹사 시스템통합(SI) 기업의 성장 가능성과 역할에 대한 의심, 낮은 클라우드 실적 가시성은 의...",2023-12-14
15,“기술주 투자 이 상품 하나로 끝…국내 대형 테크주에 분산투자” [자이앤트TV],https://www.mk.co.kr/article/10895456,매일경제,3일 전,삼성 SDS 투자,"삼성SDS, 크래프톤, 삼성전기, 엔씨소프트, LG이노텍 등 국내 대표 테크 기업 10곳을 담고 있습니다. SK하이닉스의 비중이 23.48%(11월 24일 기준)로 가장 높습니다. 정 부장은 “KOSEF K-테크 TOP10 ETF는 향후 10년 이상 폭발적으로 성장할 메가트렌드에 하는 상품”이라며 “국내 코스피와 코스닥 시장을...",2023-12-14
16,"[뉴투분석] 삼성SDS 황성우 호(號), '3마리 토끼'로 4차 산업혁명 파고 넘는다",https://www.news2day.co.kr/article/20231208500215,뉴스투데이,2일 전,삼성 SDS 투자,"삼성SDS 관계자는 뉴스투데이에 “앞으로 클라우드 사업과 디지털 물류 사업에 투자를 늘릴 것”이라며 “엠로 인수는 통합적 공급망관리(SCM) 역량과 클라우드 서비스 소프트웨어(SaaS) 사업을 강화하기 위한 행보”라고 설명했다. 그는 ""신종 코로나바이러스 감염증(코로나19) 팬데믹(대유행)과...",2023-12-14
17,"""7년 중 최소"" 바늘구멍 뚫은 삼성 임원, 3040 '젊은 피'로 채웠다",http://news.mt.co.kr/mtview.php?no=2023112915065676468,머니투데이,2주 전,삼성 SDS 투자,"조합 최적화 기술을 연구해 세계 최고 권위의 AI(인공지능) 학회인 NeurIPS(신경정보처리시스템학회)에 3년 연속으로 논문을 등재하는 등 향후 생성형 AI 연구를 통해 삼성SDS의 미래 혁신을 이끌 인재로 꼽혔다. 여성 승진자로는 사공경 상무를 배출했다. 벤처는 부사장 1명, 상무 2명이 승진했다.",2023-12-14
18,"삼성, 임원 승진 5년래 최저…39세 상무, 46세 부사장 ‘세대교체’ 가속",https://www.joongang.co.kr/article/25210987,중앙일보언론사 선정,2주 전,삼성 SDS 투자,김헌준 사욱환 오정원 조한제 ▶상무 권형진 김광수 김대식 김수한 김은하 김춘숙 문철환 이권열 이순률 이순재 임재광 정일형 조우진 최성욱 현장석 ◆삼성SDS ▶부사장 김대우 오영석 ▶상무 권영대 김성곤 김승기 배한욱 사공경 윤민식 창성중 ◆벤처 ▶부사장 장원상 ▶상무 권장혁 이철한,2023-12-14
19,"테슬라 주가 낮춘 사이버트럭 · 삼성 '미래' 수혜주, 'ABC'는 아닐 듯 [신인규의 이슈레이더]",https://www.wowtv.co.kr/NewsCenter/News/Read?articleId=A202312010024&t=NNv,한국경제TV언론사 선정,1주 전,삼성 SDS 투자,"하지만 투자자들은 테슬라 사이버트럭의 성능보다 가격과 생산 불안 가능성에 더 주목한 듯합니다. 테슬라 주가는 장 마감 한 시간 전 진행된... 코스피 대형주 가운데 삼성SDS가 어제 종가 기준으로 8.5% 상승했고요, 이건 내 시스템 통합 부문을 담당하는 가 의 미래 신사업에서 맡을 기대감이...",2023-12-14
0,"""삼성SDS, 내년 클라우드 성장 원년될 것""-대신",https://www.hankyung.com/article/2023121451516,한국경제,5시간 전,삼성 SDS 투자,"대신증권은 삼성에스디에스(삼성SDS)에 대해 내년 클라우드 성장의 원년이 될 것이라며 투자의견 '매수', 목표주가 21만원을 제시했다. 이지은 대신증권 연구원은 14일 ""삼성SDS는 내년 1분기 생성형 인공지능(AI) 서비스인 브리티 코파일럿 일부와 패브릭스를 출시할 예정""이라며 ""생성형 AI 서비스들이...",2023-12-14
1,"삼성SDS, AI 앞세워 다시 쓰는 연고점",https://view.asiae.co.kr/article/2023121116265159105,아시아경제,1일 전,삼성 SDS 투자,13일 금융투자업계에 따르면 삼성SDS 주가는 올해 들어 38.7%가량 올랐다. 같은 기간 코스피는 13.4% 상승했다. 2021년 9월 이후 2년3개월 만에 17만원선을 회복했다. 11일 장중 한때 17만3300원을 기록하면서 연중 최고치를 경신했다. 기관 자가 최근 1개월 동안 1095억원 순매수를 기록하며 주가 상승을...,2023-12-14
2,"국내 기업들, 정보보호에 1.8조 투자…삼성전자·KT·쿠팡 순",http://news.tf.co.kr/read/economy/2060759.htm,더팩트언론사 선정,4일 전,삼성 SDS 투자,"IT분야 제조업인 삼성전자는 올해 정보보호 관련 투자만 2435억 원을 집행했으며, 904.2명이 정보보호에 전담하면서 전담인력이 가장 많은 기업에도 이름을 올렸다. 이 외에도 KT(1035억 원), 쿠팡(639억 원), SK하이닉스(590억 원), SK텔레콤(550억 원), 국민은행(542억 원), (530억 원), LG전자(457억 원)...",2023-12-14
3,"NH證 ""삼성SDS, 내년 초 생성형 AI 출시 기대…목표가↑""",http://www.newsis.com/view/?id=NISX20231207_0002549094&cID=10403&pID=15000,뉴시스,7일 전,삼성 SDS 투자,"NH투자증권은 7일 삼성SDS에 대해 ""정보기술(IT) 투자 축소, 물동량과 운임 약세 등 어려운 업황에도 클라우드 고성장을 통한 외형 성장과 수익성 개선, 디지털 포워딩 서비스 적용 확대로 대응하고 있다""며 ""내년 초 기업형 생성형 인공지능(AI) 서비스 출시 등 IT서비스, 물류사업 고도화가 기대된다""고...",2023-12-14
4,"[특징주]컴퍼니케이, 삼성 협업 ‘솔라’ 美 ‘오픈AI’ 꺾고 전세계 시장 1위 넘본다…초기투자社 강세",https://www.dnews.co.kr/uhtml/view.jsp?idxno=202312141322132440776,대한경제,19분 전,삼성 SDS 투자,"업스테이지는 AI시스템을 삼성생명 및 삼성SDS에 공급하는 업체로, 세계 최대 AI 플랫폼 허깅페이스가 운영하는 ‘오픈 LLM 리더보드’에서 세계 1위를 차지한 사전학습 LLM 'SOLAR(솔라)'를 공개했다고 14일 밝혔다. 이에 업계에서는 ‘솔라’의 전 세계 시장 점유율 1위를 관망하고 있는데, 초기 를...",2023-12-14
5,"SK證 ""삼성SDS, IT서비스 매출 증가 전망…목표가 ↑""",https://www.sedaily.com/NewsView/29YF47UUGY,서울경제,7일 전,삼성 SDS 투자,"전날 삼성SDS는 1.21% 내린 16만 3800원에 거래를 마쳤다. 삼성SDS의 올해 4분기 매출과 영업이익은 각각 3조 5159억 원, 2026억 원으로 시장 컨센서스에... IT 투자가 점진적으로 늘어날 것으로 보이는 점도 긍정적”이라고 분석했다. 내년 1분기에는 생성형 인공지능(AI) 서비스 출시가 예상돼 IT 서비스...",2023-12-14
6,"삼성SDS, 클라우드 고성장·생성형 AI 출시…실적 모멘텀 강화",https://www.etoday.co.kr/news/view/2309508,이투데이,7일 전,삼성 SDS 투자,"김동양 NH투자증권 연구원은 “삼성SDS는 IT 투자 축소, 물동량 및 운임 약세 등 어려운 업황에도 클라우드 고성장 통한 외형 성장과 수익성 개선, 디지털 포워딩 서비스 적용 확대로 대응했다”며 “2024년 초 기업형 생성형 AI 서비스 출시 등 IT서비스 및 물류사업 고도화 기대된다”고 밝혔다....",2023-12-14
7,"국내 기업, 정보보호 투자액 늘렸다",https://www.incheonilbo.com/news/articleView.html?idxno=1224958,인천일보,2일 전,삼성 SDS 투자,"정보보호 투자액 상위 10대 기업은 삼성전자, KT, 쿠팡, SK하이닉스, SK텔레콤, 국민은행, 삼성SDS, LG전자, LG유플러스, 네이버 순이다. 업종별 1위 기업은 제조업의 경우 삼성전자(2435억원·904.2명), 정보통신업은 KT(1035억원·303.8명), 도매 및 소매업은 쿠팡(639억원·167.7명) 등이다. 또 금융·보험업은...",2023-12-14
8,"[더벨]박경정 전 삼성SDS CFO, H&S하이텍 이사회 합류",https://www.thebell.co.kr/free/content/ArticleView.asp?key=202312081543592880105090,더벨,1일 전,삼성 SDS 투자,"박경정 전 삼성SDS 부사장이 코넥스 상장사인 H&S하이텍 이사회에 합류한다. 박 부사장은 사외이사로서 경영진 견제와 함께 회사에 필요한 재무·회계... 이처럼 준수한 실적과 수익성, 투자자들의 높은 관심도에 비해 이사회 구성은 아쉽다는 평가를 받는다. 일단 현재 사내이사가 3명, 사외이사 2명으로...",2023-12-14
9,"황성우 삼성SDS 사장, 연임성공했지만…'클라우드·AI 경쟁' 산 넘어 산[어바웃 C]",https://www.bloter.net/news/articleView.html?idxno=608852,블로터언론사 선정,2주 전,삼성 SDS 투자,"하지만 오랫동안 삼성SDS에 투자한 주주들을 만족시킬 수준이 아니라는 것은 황 사장도 잘 알고 있다. 한편, 삼성SDS는 이날 부사장 2명, 상무 7명 등 총 9명 규모의 2024년 정기 임원 인사를 단행했다. 김대우 솔루션사업부 솔루션개발실장(상무)과 오영석 통합보안센터장(상무)이 부사장으로 승진했으며...",2023-12-14
10,"SK증권 ""삼성SDS, 내년 기업가치 증가 예상…목표주가 23.5% 상향""",https://www.news1.kr/articles/5253971,뉴스1,7일 전,삼성 SDS 투자,"투자의견은 매수를 유지했다. 최관순 SK증권 연구원은 7일 보고서를 통해 ""삼성SDS는 올해 체질개선을 통한 장기 성장 동력을 확보했다""며 이같이 밝혔다. 최 연구원은 ""삼성SDS는 지난 11월28일 동탄 데이터센터를 활용한 4608억원 규모의 HPC 클라우드 서비스 계약을 체결했는데 고객사의 IT 가...",2023-12-14
11,'삼성SDS타워 8500억'…서울 상업용 부동산 거래 15개월 만에 최대,http://www.newsis.com/view/?id=NISX20231201_0002542489&cID=10401&pID=10400,뉴시스언론사 선정,1주 전,삼성 SDS 투자,"올해 상업용 부동산 ‘최대어’로 꼽힌 서울 송파구 신천동 소재 '삼성SDS타워'가 8500억원에 거래된 효과다. 1일 상업용 부동산 종합 서비스 기업... 류강민 알스퀘어 리서치센터장은 ""높은 금리 탓에 투자하기 쉽지 않은 환경이지만, 안정적인 임대시장 덕분에 거래 규모가 감소한 가운데에서도...",2023-12-14
12,"SK증권 ""삼성SDS 내년 실적 우상향""...목표가 상향",http://www.fnnews.com/news/202312070854500323,파이낸셜뉴스,7일 전,삼성 SDS 투자,"최 연구원은 ""삼성에스디에스는 지난 11월 28일 동탄 데이터 센터를 활용한 4608억원 규모의 HPC 클라우드 서비스 계약을 체결했는데 고객사의 IT 투자가 점진적으로 증가할 것으로 예상되는 점이 긍정적""이라며 ""또 2024년 1·4분기 생성형 AI 서비스 출시가 예상됨에 따라 내년 IT 서비스 부문 매출은...",2023-12-14
13,[Who Is ?] 최윤호 삼성SDI 대표이사 사장,https://www.businesspost.co.kr/BP?command=article_view&num=335267,비즈니스포스트,1주 전,삼성 SDS 투자,◆ 생애 최윤호는 삼성SDI 대표이사 사장이다. 삼성전자 미래전략실 출신의 재무 전문가로 삼성SDI 배터리사업의 대규모 투자를 추진하면서 '수익성... 같은 날 삼성SDS도 이사회를 통해 선임사회이사제도를 도입하기로 결정했다. 선임사외이사제도는 대표이사 또는 사내이사가 이사회 의장을 맡을...,2023-12-14
14,"다올證 ""삼성SDS, 성장 가시성 높아져…적정주가 19% 상향""",https://www.news1.kr/articles/5246845,뉴스1,2주 전,삼성 SDS 투자,"다올투자증권이 삼성SDS(018260)의 성장 가시성이 높아졌다며 적정주가를 21만원에서 25만원으로 19.04% 상향했다. 투자의견도 '매수'로 유지했다. 김하정 다올투자증권 연구원은 삼성SDS에 대해 ""그룹사 시스템통합(SI) 기업의 성장 가능성과 역할에 대한 의심, 낮은 클라우드 실적 가시성은 의...",2023-12-14
15,“기술주 투자 이 상품 하나로 끝…국내 대형 테크주에 분산투자” [자이앤트TV],https://www.mk.co.kr/article/10895456,매일경제,3일 전,삼성 SDS 투자,"삼성SDS, 크래프톤, 삼성전기, 엔씨소프트, LG이노텍 등 국내 대표 테크 기업 10곳을 담고 있습니다. SK하이닉스의 비중이 23.48%(11월 24일 기준)로 가장 높습니다. 정 부장은 “KOSEF K-테크 TOP10 ETF는 향후 10년 이상 폭발적으로 성장할 메가트렌드에 하는 상품”이라며 “국내 코스피와 코스닥 시장을...",2023-12-14
16,"[뉴투분석] 삼성SDS 황성우 호(號), '3마리 토끼'로 4차 산업혁명 파고 넘는다",https://www.news2day.co.kr/article/20231208500215,뉴스투데이,2일 전,삼성 SDS 투자,"삼성SDS 관계자는 뉴스투데이에 “앞으로 클라우드 사업과 디지털 물류 사업에 투자를 늘릴 것”이라며 “엠로 인수는 통합적 공급망관리(SCM) 역량과 클라우드 서비스 소프트웨어(SaaS) 사업을 강화하기 위한 행보”라고 설명했다. 그는 ""신종 코로나바이러스 감염증(코로나19) 팬데믹(대유행)과...",2023-12-14
17,"""7년 중 최소"" 바늘구멍 뚫은 삼성 임원, 3040 '젊은 피'로 채웠다",http://news.mt.co.kr/mtview.php?no=2023112915065676468,머니투데이,2주 전,삼성 SDS 투자,"조합 최적화 기술을 연구해 세계 최고 권위의 AI(인공지능) 학회인 NeurIPS(신경정보처리시스템학회)에 3년 연속으로 논문을 등재하는 등 향후 생성형 AI 연구를 통해 삼성SDS의 미래 혁신을 이끌 인재로 꼽혔다. 여성 승진자로는 사공경 상무를 배출했다. 벤처는 부사장 1명, 상무 2명이 승진했다.",2023-12-14
18,"삼성, 임원 승진 5년래 최저…39세 상무, 46세 부사장 ‘세대교체’ 가속",https://www.joongang.co.kr/article/25210987,중앙일보언론사 선정,2주 전,삼성 SDS 투자,김헌준 사욱환 오정원 조한제 ▶상무 권형진 김광수 김대식 김수한 김은하 김춘숙 문철환 이권열 이순률 이순재 임재광 정일형 조우진 최성욱 현장석 ◆삼성SDS ▶부사장 김대우 오영석 ▶상무 권영대 김성곤 김승기 배한욱 사공경 윤민식 창성중 ◆벤처 ▶부사장 장원상 ▶상무 권장혁 이철한,2023-12-14
19,"테슬라 주가 낮춘 사이버트럭 · 삼성 '미래' 수혜주, 'ABC'는 아닐 듯 [신인규의 이슈레이더]",https://www.wowtv.co.kr/NewsCenter/News/Read?articleId=A202312010024&t=NNv,한국경제TV언론사 선정,1주 전,삼성 SDS 투자,"하지만 투자자들은 테슬라 사이버트럭의 성능보다 가격과 생산 불안 가능성에 더 주목한 듯합니다. 테슬라 주가는 장 마감 한 시간 전 진행된... 코스피 대형주 가운데 삼성SDS가 어제 종가 기준으로 8.5% 상승했고요, 이건 내 시스템 통합 부문을 담당하는 가 의 미래 신사업에서 맡을 기대감이...",2023-12-14
0,"""해외자원개발 성공 열쇠, 결국 R&D가 답""",https://www.ekn.kr/web/view.php?key=20231212010003265,에너지경제,1일 전,포스코 해외 투자,"장인원 에코프로 상무도 ""해외자원개발을 하면서 인력 부족을 많이 느낀다""며 ""해외사업 투자를 할 때 협상능력과 외국어 능력도 매우 중요해졌다""고... 심포지엄에서는 해외자원개발인을 격려하고 사기를 진작하기 위한 ‘자원개발 유공자 포상’도 함께 열렸다. 이원재 인터내셔널 그룹장...",2023-12-14
1,"포스코, 배터리용 산업가스 설비 첫삽",https://www.mk.co.kr/article/10891417,매일경제,1주 전,포스코 해외 투자,"기체 시장 수요처 중 반도체, 이차전지 소재 분야가 약 80%를 차지해 성장 가능성이 높다고 평가된다. 그간 국내 산업가스 시장은 해외 기업과 사모투자펀드(PEF) 소유 기업이 90% 이상을 점유하고 있었는데 관련 사업에 가 뛰어들면서 기존 업체들과 어깨를 나란히 할 수 있을지도 주목된다.",2023-12-14
2,포스코그룹 '신사업 중심 이동' 유지되나…차기 회장 인선 '촉각',https://www.dailian.co.kr/news/view/1300352/?sc=Naver,데일리안언론사 선정,2주 전,포스코 해외 투자,"실제 포스코 7대 회장인 정준양 회장(2009년 2월~2014년 3월)의 경우 이명박 정부의 해외자원개발 정책에 발맞춰 포스코도 철강보다는 해외자원에 대한 투자에 집중했다. 반면, 8대 권오준 회장(2014년 3월~2018년 7월) 시절의 는 ‘철강 본연의 경쟁력 강화’를 앞세워 기존 사업을 정리하고 전통 철강...",2023-12-14
3,"김학동 포스코 부회장, 호주 HBI 현장점검",http://news.heraldcorp.com/view.php?ud=20231201000378,헤럴드경제,1주 전,포스코 해외 투자,"HBI는 친환경 제철공정의 핵심 원료로 포스코는 중장기 해외 투자를 통해 HBI 확보에 심혈을 기울이고 있다. 포스코는 이번 방문을 통해 서호주 정부 주요 인사를 만나 주정부의 HBI 사업 지원에 대한 확고한 의지를 확인하고, HBI 사업의 부지 임대차에 대한 주요 조건에 합의했다. 는 철강...",2023-12-14
4,"포스코인터, 식량사업 전략은 '합작'…""글로벌 10위로 간다""",https://www.news1.kr/articles/5249000,뉴스1,1주 전,포스코 해외 투자,양사는 △곡물창고를 활용한 국내 반입 △사료 원료의 장기공급 계약 △해외 식량사업 공동개발·투자에 협력하기로 했다. 포스코인터내셔널의 식량 사업 포트폴리오는 곡물·팜유·면방 등으로 이뤄진다. 이중 곡물의 경우 국내 자급률이 20%에 불과한 만큼 각종 협업으로 식량 안보를 강화하겠다는...,2023-12-14
5,농협사료-포스코인터내셔널 전략적 업무협약 체결,http://www.segye.com/newsView/20231128508512?OutUrl=naver,세계일보,2주 전,포스코 해외 투자,"농협사료는 매년 450만톤 이상의 사료용 원료를 해외에서 조달하고 있으며, 포스코인터내셔널은 우크라이나 전쟁 전후 직접 소유한 우크라이나 곡물 수출시설과 해외 투자 식량자산 등을 통해 연간 약 1.5백만톤 이상의 곡물을 국내로 도입하고 있으며, 인도네시아 소재의 팜 농장과 가공·유통시설을 직접...",2023-12-14
6,"니어브레인, CES 2024서 뇌혈류 예측·뇌수술 실습 플랫폼 알린다… ""잠재 파트너·투자자 발굴 통해 해외시장 개척 기대""",https://kr.aving.net/news/articleView.html?idxno=1786680,에이빙뉴스,6일 전,포스코 해외 투자,"이번 CES 2024 전시 기간 니어브레인은 포스코-포스텍 공동관을 지원받아 부스를 운영하며, 신경과 및 신경외과 의사들을 위한 뇌혈류 예측... 이태린 니어브레인 대표는 ""CES 2024 참가를 통해 잠재적인 파트너 및 투자자와 연결할 수 있는 기회가 될 것""이라며 ""이번 전시회가 다양한 ...",2023-12-14
7,"포스코인터, 농협과 수입사료 조달 업무협약",https://www.seoul.co.kr/news/newsView.php?id=20231129016005&wlog_tag3=naver,서울신문,2주 전,포스코 해외 투자,"원료의 안정적 조달과 협력 사업 개발을 위한 업무협약을 지난 27일 체결했다고 밝혔다. 양사는 포스코인터내셔널 보유 해외 곡물창고를 활용한 국내 곡물 반입, 팜나무 열매에서 기름을 짜고 남은 부산물인 팜박 등 사료 원료의 장기 공급 계약, 식량 사업 공동 개발 및 등과 관련해 협력하기로 했다.",2023-12-14
8,최정우 3연임 할까…포스코홀딩스 차기회장 선정 절차는?,http://www.kyongbuk.co.kr/news/articleView.html?idxno=2148966,경북일보,1주 전,포스코 해외 투자,따라서 포스코홀딩스 차기회장 선출은 우선 최정우 회장의 의사표명이 가장 먼저 이뤄져야 한다. 이런 가운데 올 하반기 들어 최 회장의 사상 첫 3연임 가능성이 제기되는 형국이어서 회장 승계 절차 상 최 회장이 어떤 의사를 밝힐지 관심이 모아 진다. 최 회장은 올들어 자들을 대상으로 지난...,2023-12-14
9,"[모닝픽] '행동주의 투자자' 팔리저, 삼성물산에 지배구조 개선 등 변화 요구",http://www.g-enews.com/ko-kr/news/article/news_all/202312070550553686e8b8a793f7_1/article.html,글로벌이코노믹,7일 전,포스코 해외 투자,"이 체제는 2021년 마르틴 구즈만(Martín Guzmán)과 마티아스 쿨파스(Matías Kulfas)에 의해 만들어졌으며, 해외에 투자한 금액을 상환하기 위해 수출하는 기업들에 혜택을 제공한다. 포스코의 살 데 오로(Sal de Oro) 프로젝트와 리오 틴토의 린콘(Rincón) 프로젝트는 이 특별 체제에 따라 외화에 접근할 수 있는...",2023-12-14
10,농협사료-포스코인터내셔널 '사료원료 확보' 협력,http://www.agrinet.co.kr/news/articleView.html?idxno=323009,한국농어민신문,1주 전,포스코 해외 투자,"또 포스코인터내셔널은 우크라이나 전쟁 전후 직접 소유한 우크라이나 곡물 수출시설과 해외 투자 식량자산 등을 통해 연간 약 150만톤 이상의 곡물을 국내로 도입하고 있고, 인도네시아 소재의 팜 농장과 가공·유통시설을 직접 로 운영 중에 있다. 김경수 농협사료 대표이사는 업무협약식에서 ""농협사료는...",2023-12-14
11,농협사료-포스코인터내셔널 '맞손',http://www.amnews.co.kr/news/articleView.html?idxno=56029,농축유통신문,2주 전,포스코 해외 투자,"농협사료는 매년 450만 톤 이상의 사료용 원료를 해외에서 조달하고 있으며, 포스코인터내셔널은 우크라이나 전쟁 전후 직접 소유한 우크라이나 곡물 수출시설과 해외 투자 식량자산 등을 통해 연간 약 150만 톤 이상의 곡물을 국내로 도입하고 있으며, 인도네시아 소재의 팜 농장과 가공·유통시설을 직접 해...",2023-12-14
12,캐나다 최신 투자진출 트렌드,http://dream.kotra.or.kr/kotranews/cms/news/actionKotraBoardDetail.do?SITE_NO=3&MENU_ID=100&CONTENTS_NO=1&bbsGbn=322&bbsSn=322&pNttSn=208573,KOTRA해외시장뉴스,2주 전,포스코 해외 투자,"com/ [자료: 토론토 무역관 자료 종합] 캐나다 투자진출 산업 특징 및 투자진출 유망 분야 2022년 캐나다로 투자진출이 가장 두드러진 분야는 제조업이며, 전체 해외투자유입 중 24%의 높은 비중을 차지했다. 국내기업으로는 포스코퓨처엠-GM 배터리 양극재 생산 합작, LGES-스텔란티스...",2023-12-14
13,"'3연임 도전이냐, 명예로운 퇴진이냐'…최정우 포스코 회장 결단 임박",http://news.tf.co.kr/read/economy/2055417.htm,더팩트언론사 선정,4주 전,포스코 해외 투자,"증권가에선 ""최 회장 체제에서 포스코그룹 주가 대폭 상승하면서, 해외기관 투자자들은 그에게 우호적인 입장을 가질 가능성이 있다""는 말도 나온다. 포스코는 지난 7월 포항제철소 종합 준공 50주년을 맞아 지속 가능한 100년 기업을 위해 2030년까지 국내 73조 원을 포함한 총 121조 원의 대규모 계획을...",2023-12-14
14,감세가 부른 '자본 리쇼어링'…해외 배당금 300억弗 들어왔다,https://www.hankyung.com/article/2023111980971,한국경제언론사 선정,3주 전,포스코 해외 투자,포스코홀딩스는 올 들어 9월까지 4448억원을 해외법인으로부터 배당받았다. 작년 같은 기간(3459억원)에 비해 28.5% 늘었다. 올해 세계 최대 철광석 광산인 호주 로이힐에서 2571억원을 받았다. 대부분 2차전지 소재 사업에 투자할 계획이다. 두산밥캣은 올 들어 북미 법인에서 작년 동기(2000억원)와 비슷한...,2023-12-14
15,"'5연임' 앞둔 한성희 포스코이앤씨 사장, '최장수CEO' 가능할까",https://biz.newdaily.co.kr/site/data/html/2023/11/23/2023112300154.html,뉴데일리,3주 전,포스코 해외 투자,"앞서 포스코그룹은 2019년 말 정기 임원인사에서 한 사장을 포스코이앤씨 대표이사로 선임하며 ""재무와 전략, 투자는 물론 해외경험도 풍부하다""고 설명한 바 있다. 한 사장은 취임 이후 포스코이앤씨의 도시정비 신규수주 기록을 갈아치웠다. 2020년 도시정비사업에서 2조7456억원을 수주한 뒤 2021년...",2023-12-14
16,"카피에로 아르헨티나 외교장관 ""포스코 그린수소 협력 구체화 절실""",https://www.theguru.co.kr/news/article.html?no=62596,더구루,4주 전,포스코 해외 투자,"<본보 2023년 9월 26일 참고 포스코, 탄소중립 위해 해외 투자 확대 검토> 이용수 주아르헨티나 대사는 13일(현지시간) 부임 인사차 산티아고 카피에로(Santiago Andrés Cafiero) 아르헨티나 외교부 장관을 예방했다. (사진=산티아고 카피에로 X·엑스)",2023-12-14
17,185개 '공급망 안정 품목' 지정…2030년 특정국 의존 50% 밑으로,https://www.yna.co.kr/view/AKR20231213079200003?input=1195m,연합뉴스언론사 선정,23시간 전,포스코 해외 투자,"""상시화한 공급망 위기, 상수로 놓고 새 전략"" 산업통상자원부는 13일 포스코퓨처엠 세종 음극재 공장에서 방문규 산업부 장관 주재로 '산업 공급망... 광업권 해외 투자를 하면 투자금의 3%를 세액공제하는 제도도 도입된다. 방문규 장관은 ""3050 전략은 185개 공급망 안정 품목을 집중적으로 관리해 튼튼한 산업...",2023-12-14
18,이차전지에 5년간 38조원+α 지원… ‘사용후 배터리 재활용’ 생태계 구축,http://www.segye.com/newsView/20231213520675?OutUrl=naver,세계일보언론사 선정,18시간 전,포스코 해외 투자,산업통상자원부는 이날 포스코퓨처엠 세종 음극재 공장에서 방문규 산업부 장관 주재로 ‘산업 공급망 전략회의’를 열고 이런 내용의 ‘산업 공급망... 광업권 해외 투자를 하면 투자금의 3%를 세액공제하는 제도도 생긴다. 방문규 장관은 “3050 전략은 185개 공급망 안정 품목을 집중적으로 관리해 튼튼한...,2023-12-14
19,"포스코인터내셔널, 28일 기업설명회...3Q 매출액 8조",http://www.thevaluenews.co.kr/news/view.php?idx=179767,더밸류뉴스,2주 전,포스코 해외 투자,"설명회 대상은 해외 기관투자자다. 오는 28일부터 다음달 5일까지 미국 및 영국을 방문해 20여개 투자 기관과 미팅도 진행할 예정이다. 포스코인터내셔널의 매출액, 매출액 증가율 추이. [이미지=더밸류뉴스]포스코인터내셔널은 3분기 매출액 8조459억원, 영업이익 3117억원, 당기순이익 1952억원을 기록했다...",2023-12-14
